clusterhead_1,clusterhead_2,distance
1,18,150.437175
1,28,243.365570
1,45,382.337121
1,47,413.643202
1,63,537.683775
18,28,120.823221
18,45,237.462259
18,47,297.927584
18,63,395.125574
28,45,150.879370
28,47,177.738260
28,63,298.012603
45,47,143.375662
45,63,157.990238
47,63,184.344982
